iter	RMSE
0	10.75424338
1	10.53748223
2	10.25056558
3	10.05929898
4	9.824350944
5	9.416059974
6	9.129471363
7	8.883633654
8	8.596987462
9	8.398296063
